{"emotion": {"angry": 69.11096643144386, "disgust": 1.374676712241454e-06, "fear": 0.018517022591448967, "happy": 0.010254705505044426, "sad": 2.529415295811846, "surprise": 2.3546199286473616e-05, "neutral": 28.33082162377181}}