{"emotion": {"angry": 0.11505946548599921, "disgust": 4.261855073816071e-06, "fear": 0.007505145022843606, "happy": 90.70588466010622, "sad": 0.010551186481577714, "surprise": 0.5436778820360846, "neutral": 8.617317399012212}}